2025-10-28 22:01:48,ðŸš€ Start aktualizacji wszystkich portfeli

2025-10-28 22:01:48,
â–¶ï¸ Aktualizacja portfela: RANDOM_TRIGGER.csv | Strategia=RANDOM, Taktyka=TRIGGER
2025-10-28 22:01:49,ðŸ’¾ Zaktualizowano RANDOM_TRIGGER.csv | Î” +0.00% | WartoÅ›Ä‡=$10,000.00

2025-10-28 22:01:52,
â–¶ï¸ Aktualizacja portfela: NEWS_TRIGGER.csv | Strategia=NEWS, Taktyka=TRIGGER
2025-10-28 22:01:53,ðŸ’¾ Zaktualizowano NEWS_TRIGGER.csv | Î” +0.00% | WartoÅ›Ä‡=$10,000.05

2025-10-28 22:01:56,
â–¶ï¸ Aktualizacja portfela: RANDOM_STATIC.csv | Strategia=RANDOM, Taktyka=STATIC
2025-10-28 22:01:57,ðŸ§˜ Tryb statyczny â€” brak rebalansu.
2025-10-28 22:01:57,ðŸ’¾ Zaktualizowano RANDOM_STATIC.csv | Î” +0.00% | WartoÅ›Ä‡=$10,000.00

2025-10-28 22:02:00,
â–¶ï¸ Aktualizacja portfela: NEWS_REGULAR.csv | Strategia=NEWS, Taktyka=REGULAR
2025-10-28 22:02:00,ðŸ’¾ Zaktualizowano NEWS_REGULAR.csv | Î” +0.00% | WartoÅ›Ä‡=$10,000.04

2025-10-28 22:02:03,
â–¶ï¸ Aktualizacja portfela: RANDOM_REGULAR.csv | Strategia=RANDOM, Taktyka=REGULAR
2025-10-28 22:02:04,ðŸ’¾ Zaktualizowano RANDOM_REGULAR.csv | Î” +0.00% | WartoÅ›Ä‡=$10,000.00

2025-10-28 22:02:07,
â–¶ï¸ Aktualizacja portfela: NEWS_STATIC.csv | Strategia=NEWS, Taktyka=STATIC
2025-10-28 22:02:07,ðŸ§˜ Tryb statyczny â€” brak rebalansu.
2025-10-28 22:02:07,ðŸ’¾ Zaktualizowano NEWS_STATIC.csv | Î” +0.00% | WartoÅ›Ä‡=$10,000.04

2025-10-28 22:02:10,
â–¶ï¸ Aktualizacja portfela: AI_TRIGGER.csv | Strategia=AI, Taktyka=TRIGGER
2025-10-28 22:02:11,ðŸ’¾ Zaktualizowano AI_TRIGGER.csv | Î” +0.00% | WartoÅ›Ä‡=$10,000.08

2025-10-28 22:02:14,
â–¶ï¸ Aktualizacja portfela: AI_STATIC.csv | Strategia=AI, Taktyka=STATIC
2025-10-28 22:02:14,ðŸ§˜ Tryb statyczny â€” brak rebalansu.
2025-10-28 22:02:14,ðŸ’¾ Zaktualizowano AI_STATIC.csv | Î” +0.00% | WartoÅ›Ä‡=$10,000.05

2025-10-28 22:02:17,
â–¶ï¸ Aktualizacja portfela: AI_REGULAR.csv | Strategia=AI, Taktyka=REGULAR
2025-10-28 22:02:17,ðŸ’¾ Zaktualizowano AI_REGULAR.csv | Î” -0.00% | WartoÅ›Ä‡=$9,999.95

2025-10-28 22:02:20,ðŸ ZakoÅ„czono harmonogram aktualizacji wszystkich portfeli.

2025-10-28 22:11:49,Start aktualizacji wszystkich portfeli

2025-10-28 22:11:49,
 Aktualizacja portfela: AI_STATIC.csv | Strategia=AI, Taktyka=STATIC
2025-10-28 22:11:49,Tryb statyczny â€” brak rebalansu.
2025-10-28 22:11:49,Zaktualizowano AI_STATIC.csv | Î” +0.00% | WartoÅ›Ä‡=$10,000.05

2025-10-28 22:11:52,
 Aktualizacja portfela: AI_REGULAR.csv | Strategia=AI, Taktyka=REGULAR
2025-10-28 22:11:53,Zaktualizowano AI_REGULAR.csv | Î” -0.00% | WartoÅ›Ä‡=$9,999.95

2025-10-28 22:11:56,
 Aktualizacja portfela: RANDOM_REGULAR.csv | Strategia=RANDOM, Taktyka=REGULAR
2025-10-28 22:11:56,Zaktualizowano RANDOM_REGULAR.csv | Î” +0.00% | WartoÅ›Ä‡=$10,000.00

2025-10-28 22:11:59,
 Aktualizacja portfela: RANDOM_STATIC.csv | Strategia=RANDOM, Taktyka=STATIC
2025-10-28 22:12:00,Tryb statyczny â€” brak rebalansu.
2025-10-28 22:12:00,Zaktualizowano RANDOM_STATIC.csv | Î” +0.00% | WartoÅ›Ä‡=$10,000.00

2025-10-28 22:12:03,
 Aktualizacja portfela: NEWS_TRIGGER.csv | Strategia=NEWS, Taktyka=TRIGGER
2025-10-28 22:12:03,Zaktualizowano NEWS_TRIGGER.csv | Î” +0.00% | WartoÅ›Ä‡=$10,000.05

2025-10-28 22:12:06,
 Aktualizacja portfela: NEWS_STATIC.csv | Strategia=NEWS, Taktyka=STATIC
2025-10-28 22:12:07,Tryb statyczny â€” brak rebalansu.
2025-10-28 22:12:07,Zaktualizowano NEWS_STATIC.csv | Î” +0.00% | WartoÅ›Ä‡=$10,000.04

2025-10-28 22:12:10,
 Aktualizacja portfela: NEWS_REGULAR.csv | Strategia=NEWS, Taktyka=REGULAR
2025-10-28 22:12:10,Zaktualizowano NEWS_REGULAR.csv | Î” +0.00% | WartoÅ›Ä‡=$10,000.04

2025-10-28 22:12:13,
 Aktualizacja portfela: AI_TRIGGER.csv | Strategia=AI, Taktyka=TRIGGER
2025-10-28 22:12:13,Zaktualizowano AI_TRIGGER.csv | Î” +0.00% | WartoÅ›Ä‡=$10,000.08

2025-10-28 22:12:16,
 Aktualizacja portfela: RANDOM_TRIGGER.csv | Strategia=RANDOM, Taktyka=TRIGGER
2025-10-28 22:12:16,Zaktualizowano RANDOM_TRIGGER.csv | Î” +0.00% | WartoÅ›Ä‡=$10,000.00

2025-10-28 22:12:19,ZakoÅ„czono harmonogram aktualizacji wszystkich portfeli.

2025-10-29 03:42:10,Start aktualizacji wszystkich portfeli

2025-10-29 03:42:10,
 Aktualizacja portfela: AI_STATIC.csv | Strategia=AI, Taktyka=STATIC
2025-10-29 03:42:11,Tryb statyczny â€” brak rebalansu.
2025-10-29 03:42:11,Zaktualizowano AI_STATIC.csv | Î” +0.00% | WartoÅ›Ä‡=$10,000.05

2025-10-29 03:42:14,
 Aktualizacja portfela: AI_REGULAR.csv | Strategia=AI, Taktyka=REGULAR
2025-10-29 03:42:14,Zaktualizowano AI_REGULAR.csv | Î” -0.00% | WartoÅ›Ä‡=$9,999.95

2025-10-29 03:42:17,
 Aktualizacja portfela: RANDOM_REGULAR.csv | Strategia=RANDOM, Taktyka=REGULAR
2025-10-29 03:42:17,Zaktualizowano RANDOM_REGULAR.csv | Î” +0.00% | WartoÅ›Ä‡=$10,000.00

2025-10-29 03:42:20,
 Aktualizacja portfela: RANDOM_STATIC.csv | Strategia=RANDOM, Taktyka=STATIC
2025-10-29 03:42:21,Tryb statyczny â€” brak rebalansu.
2025-10-29 03:42:21,Zaktualizowano RANDOM_STATIC.csv | Î” +0.00% | WartoÅ›Ä‡=$10,000.02

2025-10-29 03:42:24,
 Aktualizacja portfela: NEWS_TRIGGER.csv | Strategia=NEWS, Taktyka=TRIGGER
2025-10-29 03:42:24,Zaktualizowano NEWS_TRIGGER.csv | Î” +0.00% | WartoÅ›Ä‡=$10,000.05

2025-10-29 03:42:27,
 Aktualizacja portfela: NEWS_STATIC.csv | Strategia=NEWS, Taktyka=STATIC
2025-10-29 03:42:28,Tryb statyczny â€” brak rebalansu.
2025-10-29 03:42:28,Zaktualizowano NEWS_STATIC.csv | Î” +0.00% | WartoÅ›Ä‡=$10,000.04

2025-10-29 03:42:31,
 Aktualizacja portfela: NEWS_REGULAR.csv | Strategia=NEWS, Taktyka=REGULAR
2025-10-29 03:42:31,Zaktualizowano NEWS_REGULAR.csv | Î” +0.00% | WartoÅ›Ä‡=$10,000.04

2025-10-29 03:42:34,
 Aktualizacja portfela: AI_TRIGGER.csv | Strategia=AI, Taktyka=TRIGGER
2025-10-29 03:42:34,Zaktualizowano AI_TRIGGER.csv | Î” +0.00% | WartoÅ›Ä‡=$10,000.08

2025-10-29 03:42:37,
 Aktualizacja portfela: RANDOM_TRIGGER.csv | Strategia=RANDOM, Taktyka=TRIGGER
2025-10-29 03:42:37,Zaktualizowano RANDOM_TRIGGER.csv | Î” +0.00% | WartoÅ›Ä‡=$10,000.00

2025-10-29 03:42:40,ZakoÅ„czono harmonogram aktualizacji wszystkich portfeli.

2025-10-30 03:38:05,Start aktualizacji wszystkich portfeli

2025-10-30 03:38:05,
 Aktualizacja portfela: AI_STATIC.csv | Strategia=AI, Taktyka=STATIC
2025-10-30 03:38:07,Tryb statyczny â€” brak rebalansu.
2025-10-30 03:38:07,Zaktualizowano AI_STATIC.csv | Î” -0.34% | WartoÅ›Ä‡=$9,965.69

2025-10-30 03:38:10,
 Aktualizacja portfela: AI_REGULAR.csv | Strategia=AI, Taktyka=REGULAR
2025-10-30 03:38:10,Zaktualizowano AI_REGULAR.csv | Î” -0.31% | WartoÅ›Ä‡=$9,969.08

2025-10-30 03:38:13,
 Aktualizacja portfela: RANDOM_REGULAR.csv | Strategia=RANDOM, Taktyka=REGULAR
2025-10-30 03:38:14,Zaktualizowano RANDOM_REGULAR.csv | Î” -1.44% | WartoÅ›Ä‡=$9,856.18

2025-10-30 03:38:17,
 Aktualizacja portfela: RANDOM_STATIC.csv | Strategia=RANDOM, Taktyka=STATIC
2025-10-30 03:38:18,Tryb statyczny â€” brak rebalansu.
2025-10-30 03:38:18,Zaktualizowano RANDOM_STATIC.csv | Î” -1.83% | WartoÅ›Ä‡=$9,817.20

2025-10-30 03:38:21,
 Aktualizacja portfela: NEWS_TRIGGER.csv | Strategia=NEWS, Taktyka=TRIGGER
2025-10-30 03:38:22,Spadki > 5.0% â€” rebalans wykonany.
2025-10-30 03:38:22,Zaktualizowano NEWS_TRIGGER.csv | Î” -0.83% | WartoÅ›Ä‡=$9,917.50

2025-10-30 03:38:25,
 Aktualizacja portfela: NEWS_STATIC.csv | Strategia=NEWS, Taktyka=STATIC
2025-10-30 03:38:25,Tryb statyczny â€” brak rebalansu.
2025-10-30 03:38:25,Zaktualizowano NEWS_STATIC.csv | Î” -1.47% | WartoÅ›Ä‡=$9,853.23

2025-10-30 03:38:28,
 Aktualizacja portfela: NEWS_REGULAR.csv | Strategia=NEWS, Taktyka=REGULAR
2025-10-30 03:38:29,Zaktualizowano NEWS_REGULAR.csv | Î” -1.16% | WartoÅ›Ä‡=$9,883.58

2025-10-30 03:38:32,
 Aktualizacja portfela: AI_TRIGGER.csv | Strategia=AI, Taktyka=TRIGGER
2025-10-30 03:38:32,Spadki > 5.0% â€” rebalans wykonany.
2025-10-30 03:38:32,Zaktualizowano AI_TRIGGER.csv | Î” -0.28% | WartoÅ›Ä‡=$9,972.46

2025-10-30 03:38:35,
 Aktualizacja portfela: RANDOM_TRIGGER.csv | Strategia=RANDOM, Taktyka=TRIGGER
2025-10-30 03:38:35,Zaktualizowano RANDOM_TRIGGER.csv | Î” +1.27% | WartoÅ›Ä‡=$10,127.34

2025-10-30 03:38:38,ZakoÅ„czono harmonogram aktualizacji wszystkich portfeli.

2025-10-31 03:38:24,Start aktualizacji wszystkich portfeli

2025-10-31 03:38:24,
 Aktualizacja portfela: AI_STATIC.csv | Strategia=AI, Taktyka=STATIC
2025-10-31 03:38:25,Tryb statyczny â€” brak rebalansu.
2025-10-31 03:38:25,Zaktualizowano AI_STATIC.csv | Î” -0.79% | WartoÅ›Ä‡=$9,920.88

2025-10-31 03:38:28,
 Aktualizacja portfela: AI_REGULAR.csv | Strategia=AI, Taktyka=REGULAR
2025-10-31 03:38:29,Zaktualizowano AI_REGULAR.csv | Î” -0.76% | WartoÅ›Ä‡=$9,924.08

2025-10-31 03:38:32,
 Aktualizacja portfela: RANDOM_REGULAR.csv | Strategia=RANDOM, Taktyka=REGULAR
2025-10-31 03:38:32,Zaktualizowano RANDOM_REGULAR.csv | Î” -0.94% | WartoÅ›Ä‡=$9,905.74

2025-10-31 03:38:35,
 Aktualizacja portfela: RANDOM_STATIC.csv | Strategia=RANDOM, Taktyka=STATIC
2025-10-31 03:38:36,Tryb statyczny â€” brak rebalansu.
2025-10-31 03:38:36,Zaktualizowano RANDOM_STATIC.csv | Î” -2.58% | WartoÅ›Ä‡=$9,741.58

2025-10-31 03:38:39,
 Aktualizacja portfela: NEWS_TRIGGER.csv | Strategia=NEWS, Taktyka=TRIGGER
2025-10-31 03:38:40,Zaktualizowano NEWS_TRIGGER.csv | Î” -0.94% | WartoÅ›Ä‡=$9,905.64

2025-10-31 03:38:43,
 Aktualizacja portfela: NEWS_STATIC.csv | Strategia=NEWS, Taktyka=STATIC
2025-10-31 03:38:43,Tryb statyczny â€” brak rebalansu.
2025-10-31 03:38:43,Zaktualizowano NEWS_STATIC.csv | Î” -0.81% | WartoÅ›Ä‡=$9,918.81

2025-10-31 03:38:46,
 Aktualizacja portfela: NEWS_REGULAR.csv | Strategia=NEWS, Taktyka=REGULAR
2025-10-31 03:38:47,Zaktualizowano NEWS_REGULAR.csv | Î” -0.05% | WartoÅ›Ä‡=$9,994.51

2025-10-31 03:38:50,
 Aktualizacja portfela: AI_TRIGGER.csv | Strategia=AI, Taktyka=TRIGGER
2025-10-31 03:38:50,Spadki > 5.0% â€” rebalans wykonany.
2025-10-31 03:38:50,Zaktualizowano AI_TRIGGER.csv | Î” -0.90% | WartoÅ›Ä‡=$9,910.02

2025-10-31 03:38:53,
 Aktualizacja portfela: RANDOM_TRIGGER.csv | Strategia=RANDOM, Taktyka=TRIGGER
2025-10-31 03:38:54,Zaktualizowano RANDOM_TRIGGER.csv | Î” -0.34% | WartoÅ›Ä‡=$9,965.59

2025-10-31 03:38:57,ZakoÅ„czono harmonogram aktualizacji wszystkich portfeli.

2025-11-01 03:38:05,Start aktualizacji wszystkich portfeli

2025-11-01 03:38:05,
 Aktualizacja portfela: AI_STATIC.csv | Strategia=AI, Taktyka=STATIC
2025-11-01 03:38:06,Tryb statyczny â€” brak rebalansu.
2025-11-01 03:38:06,Zaktualizowano AI_STATIC.csv | Î” +0.06% | WartoÅ›Ä‡=$10,006.13

2025-11-01 03:38:09,
 Aktualizacja portfela: AI_REGULAR.csv | Strategia=AI, Taktyka=REGULAR
2025-11-01 03:38:09,Zaktualizowano AI_REGULAR.csv | Î” +0.09% | WartoÅ›Ä‡=$10,008.84

2025-11-01 03:38:12,
 Aktualizacja portfela: RANDOM_REGULAR.csv | Strategia=RANDOM, Taktyka=REGULAR
2025-11-01 03:38:12,Zaktualizowano RANDOM_REGULAR.csv | Î” +1.39% | WartoÅ›Ä‡=$10,138.93

2025-11-01 03:38:15,
 Aktualizacja portfela: RANDOM_STATIC.csv | Strategia=RANDOM, Taktyka=STATIC
2025-11-01 03:38:16,Tryb statyczny â€” brak rebalansu.
2025-11-01 03:38:16,Zaktualizowano RANDOM_STATIC.csv | Î” -1.99% | WartoÅ›Ä‡=$9,800.71

2025-11-01 03:38:19,
 Aktualizacja portfela: NEWS_TRIGGER.csv | Strategia=NEWS, Taktyka=TRIGGER
2025-11-01 03:38:19,Spadki > 5.0% â€” rebalans wykonany.
2025-11-01 03:38:19,Zaktualizowano NEWS_TRIGGER.csv | Î” -0.74% | WartoÅ›Ä‡=$9,926.27

2025-11-01 03:38:22,
 Aktualizacja portfela: NEWS_STATIC.csv | Strategia=NEWS, Taktyka=STATIC
2025-11-01 03:38:23,Tryb statyczny â€” brak rebalansu.
2025-11-01 03:38:23,Zaktualizowano NEWS_STATIC.csv | Î” -0.42% | WartoÅ›Ä‡=$9,958.44

2025-11-01 03:38:26,
 Aktualizacja portfela: NEWS_REGULAR.csv | Strategia=NEWS, Taktyka=REGULAR
2025-11-01 03:38:26,Zaktualizowano NEWS_REGULAR.csv | Î” +0.12% | WartoÅ›Ä‡=$10,012.34

2025-11-01 03:38:29,
 Aktualizacja portfela: AI_TRIGGER.csv | Strategia=AI, Taktyka=TRIGGER
2025-11-01 03:38:29,Spadki > 5.0% â€” rebalans wykonany.
2025-11-01 03:38:29,Zaktualizowano AI_TRIGGER.csv | Î” -0.34% | WartoÅ›Ä‡=$9,965.84

2025-11-01 03:38:32,
 Aktualizacja portfela: RANDOM_TRIGGER.csv | Strategia=RANDOM, Taktyka=TRIGGER
2025-11-01 03:38:33,Spadki > 5.0% â€” rebalans wykonany.
2025-11-01 03:38:33,Zaktualizowano RANDOM_TRIGGER.csv | Î” -1.21% | WartoÅ›Ä‡=$9,879.03

2025-11-01 03:38:36,ZakoÅ„czono harmonogram aktualizacji wszystkich portfeli.

2025-11-02 03:40:05,Start aktualizacji wszystkich portfeli

2025-11-02 03:40:05,
 Aktualizacja portfela: AI_STATIC.csv | Strategia=AI, Taktyka=STATIC
2025-11-02 03:40:06,Tryb statyczny â€” brak rebalansu.
2025-11-02 03:40:06,Zaktualizowano AI_STATIC.csv | Î” +0.06% | WartoÅ›Ä‡=$10,006.13

2025-11-02 03:40:09,
 Aktualizacja portfela: AI_REGULAR.csv | Strategia=AI, Taktyka=REGULAR
2025-11-02 03:40:09,Zaktualizowano AI_REGULAR.csv | Î” +0.09% | WartoÅ›Ä‡=$10,008.84

2025-11-02 03:40:12,
 Aktualizacja portfela: RANDOM_REGULAR.csv | Strategia=RANDOM, Taktyka=REGULAR
2025-11-02 03:40:12,Zaktualizowano RANDOM_REGULAR.csv | Î” +1.39% | WartoÅ›Ä‡=$10,138.93

2025-11-02 03:40:15,
 Aktualizacja portfela: RANDOM_STATIC.csv | Strategia=RANDOM, Taktyka=STATIC
2025-11-02 03:40:16,Tryb statyczny â€” brak rebalansu.
2025-11-02 03:40:16,Zaktualizowano RANDOM_STATIC.csv | Î” -1.99% | WartoÅ›Ä‡=$9,800.71

2025-11-02 03:40:19,
 Aktualizacja portfela: NEWS_TRIGGER.csv | Strategia=NEWS, Taktyka=TRIGGER
2025-11-02 03:40:20,Spadki > 5.0% â€” rebalans wykonany.
2025-11-02 03:40:20,Zaktualizowano NEWS_TRIGGER.csv | Î” -0.74% | WartoÅ›Ä‡=$9,926.27

2025-11-02 03:40:23,
 Aktualizacja portfela: NEWS_STATIC.csv | Strategia=NEWS, Taktyka=STATIC
2025-11-02 03:40:23,Tryb statyczny â€” brak rebalansu.
2025-11-02 03:40:23,Zaktualizowano NEWS_STATIC.csv | Î” -0.42% | WartoÅ›Ä‡=$9,958.44

2025-11-02 03:40:26,
 Aktualizacja portfela: NEWS_REGULAR.csv | Strategia=NEWS, Taktyka=REGULAR
2025-11-02 03:40:26,Zaktualizowano NEWS_REGULAR.csv | Î” +0.12% | WartoÅ›Ä‡=$10,012.34

2025-11-02 03:40:29,
 Aktualizacja portfela: AI_TRIGGER.csv | Strategia=AI, Taktyka=TRIGGER
2025-11-02 03:40:30,Spadki > 5.0% â€” rebalans wykonany.
2025-11-02 03:40:30,Zaktualizowano AI_TRIGGER.csv | Î” -0.34% | WartoÅ›Ä‡=$9,965.84

2025-11-02 03:40:33,
 Aktualizacja portfela: RANDOM_TRIGGER.csv | Strategia=RANDOM, Taktyka=TRIGGER
2025-11-02 03:40:33,Spadki > 5.0% â€” rebalans wykonany.
2025-11-02 03:40:33,Zaktualizowano RANDOM_TRIGGER.csv | Î” -1.21% | WartoÅ›Ä‡=$9,879.03

2025-11-02 03:40:36,ZakoÅ„czono harmonogram aktualizacji wszystkich portfeli.

2025-11-03 03:44:21,Start aktualizacji wszystkich portfeli

2025-11-03 03:44:21,
 Aktualizacja portfela: AI_STATIC.csv | Strategia=AI, Taktyka=STATIC
2025-11-03 03:44:21,Tryb statyczny â€” brak rebalansu.
2025-11-03 03:44:21,Zaktualizowano AI_STATIC.csv | Î” +0.06% | WartoÅ›Ä‡=$10,006.13

2025-11-03 03:44:24,
 Aktualizacja portfela: AI_REGULAR.csv | Strategia=AI, Taktyka=REGULAR
2025-11-03 03:44:25,Zaktualizowano AI_REGULAR.csv | Î” +0.09% | WartoÅ›Ä‡=$10,008.84

2025-11-03 03:44:28,
 Aktualizacja portfela: RANDOM_REGULAR.csv | Strategia=RANDOM, Taktyka=REGULAR
2025-11-03 03:44:28,Zaktualizowano RANDOM_REGULAR.csv | Î” +1.39% | WartoÅ›Ä‡=$10,138.93

2025-11-03 03:44:31,
 Aktualizacja portfela: RANDOM_STATIC.csv | Strategia=RANDOM, Taktyka=STATIC
2025-11-03 03:44:32,Tryb statyczny â€” brak rebalansu.
2025-11-03 03:44:32,Zaktualizowano RANDOM_STATIC.csv | Î” -1.99% | WartoÅ›Ä‡=$9,800.71

2025-11-03 03:44:35,
 Aktualizacja portfela: NEWS_TRIGGER.csv | Strategia=NEWS, Taktyka=TRIGGER
2025-11-03 03:44:35,Spadki > 5.0% â€” rebalans wykonany.
2025-11-03 03:44:35,Zaktualizowano NEWS_TRIGGER.csv | Î” -0.74% | WartoÅ›Ä‡=$9,926.27

2025-11-03 03:44:38,
 Aktualizacja portfela: NEWS_STATIC.csv | Strategia=NEWS, Taktyka=STATIC
2025-11-03 03:44:39,Tryb statyczny â€” brak rebalansu.
2025-11-03 03:44:39,Zaktualizowano NEWS_STATIC.csv | Î” -0.42% | WartoÅ›Ä‡=$9,958.44

2025-11-03 03:44:42,
 Aktualizacja portfela: NEWS_REGULAR.csv | Strategia=NEWS, Taktyka=REGULAR
2025-11-03 03:44:42,Zaktualizowano NEWS_REGULAR.csv | Î” +0.12% | WartoÅ›Ä‡=$10,012.34

2025-11-03 03:44:45,
 Aktualizacja portfela: AI_TRIGGER.csv | Strategia=AI, Taktyka=TRIGGER
2025-11-03 03:44:45,Spadki > 5.0% â€” rebalans wykonany.
2025-11-03 03:44:45,Zaktualizowano AI_TRIGGER.csv | Î” -0.34% | WartoÅ›Ä‡=$9,965.84

2025-11-03 03:44:48,
 Aktualizacja portfela: RANDOM_TRIGGER.csv | Strategia=RANDOM, Taktyka=TRIGGER
2025-11-03 03:44:49,Spadki > 5.0% â€” rebalans wykonany.
2025-11-03 03:44:49,Zaktualizowano RANDOM_TRIGGER.csv | Î” -1.21% | WartoÅ›Ä‡=$9,879.03

2025-11-03 03:44:52,ZakoÅ„czono harmonogram aktualizacji wszystkich portfeli.

2025-11-04 03:36:48,Start aktualizacji wszystkich portfeli

2025-11-04 03:36:48,
 Aktualizacja portfela: AI_STATIC.csv | Strategia=AI, Taktyka=STATIC
2025-11-04 03:36:49,Tryb statyczny â€” brak rebalansu.
2025-11-04 03:36:49,Zaktualizowano AI_STATIC.csv | Î” -0.21% | WartoÅ›Ä‡=$9,978.62

2025-11-04 03:36:52,
 Aktualizacja portfela: AI_REGULAR.csv | Strategia=AI, Taktyka=REGULAR
2025-11-04 03:36:53,Zaktualizowano AI_REGULAR.csv | Î” -0.17% | WartoÅ›Ä‡=$9,983.09

2025-11-04 03:36:56,
 Aktualizacja portfela: RANDOM_REGULAR.csv | Strategia=RANDOM, Taktyka=REGULAR
2025-11-04 03:36:56,Zaktualizowano RANDOM_REGULAR.csv | Î” +1.71% | WartoÅ›Ä‡=$10,170.63

2025-11-04 03:36:59,
 Aktualizacja portfela: RANDOM_STATIC.csv | Strategia=RANDOM, Taktyka=STATIC
2025-11-04 03:37:00,Tryb statyczny â€” brak rebalansu.
2025-11-04 03:37:00,Zaktualizowano RANDOM_STATIC.csv | Î” -2.65% | WartoÅ›Ä‡=$9,735.18

2025-11-04 03:37:03,
 Aktualizacja portfela: NEWS_TRIGGER.csv | Strategia=NEWS, Taktyka=TRIGGER
2025-11-04 03:37:04,Spadki > 5.0% â€” rebalans wykonany.
2025-11-04 03:37:04,Zaktualizowano NEWS_TRIGGER.csv | Î” -0.88% | WartoÅ›Ä‡=$9,911.57

2025-11-04 03:37:07,
 Aktualizacja portfela: NEWS_STATIC.csv | Strategia=NEWS, Taktyka=STATIC
2025-11-04 03:37:07,Tryb statyczny â€” brak rebalansu.
2025-11-04 03:37:07,Zaktualizowano NEWS_STATIC.csv | Î” -0.25% | WartoÅ›Ä‡=$9,974.72

2025-11-04 03:37:10,
 Aktualizacja portfela: NEWS_REGULAR.csv | Strategia=NEWS, Taktyka=REGULAR
2025-11-04 03:37:10,Zaktualizowano NEWS_REGULAR.csv | Î” +0.04% | WartoÅ›Ä‡=$10,003.51

2025-11-04 03:37:13,
 Aktualizacja portfela: AI_TRIGGER.csv | Strategia=AI, Taktyka=TRIGGER
2025-11-04 03:37:13,Spadki > 5.0% â€” rebalans wykonany.
2025-11-04 03:37:13,Zaktualizowano AI_TRIGGER.csv | Î” +0.06% | WartoÅ›Ä‡=$10,005.90

2025-11-04 03:37:16,
 Aktualizacja portfela: RANDOM_TRIGGER.csv | Strategia=RANDOM, Taktyka=TRIGGER
2025-11-04 03:37:17,Spadki > 5.0% â€” rebalans wykonany.
2025-11-04 03:37:17,Zaktualizowano RANDOM_TRIGGER.csv | Î” -2.42% | WartoÅ›Ä‡=$9,757.50

2025-11-04 03:37:20,ZakoÅ„czono harmonogram aktualizacji wszystkich portfeli.

2025-11-05 03:38:55,Start aktualizacji wszystkich portfeli

2025-11-05 03:38:55,
 Aktualizacja portfela: AI_STATIC.csv | Strategia=AI, Taktyka=STATIC
2025-11-05 03:38:56,Tryb statyczny â€” brak rebalansu.
2025-11-05 03:38:56,Zaktualizowano AI_STATIC.csv | Î” -2.33% | WartoÅ›Ä‡=$9,767.30

2025-11-05 03:38:59,
 Aktualizacja portfela: AI_REGULAR.csv | Strategia=AI, Taktyka=REGULAR
2025-11-05 03:38:59,Zaktualizowano AI_REGULAR.csv | Î” -2.31% | WartoÅ›Ä‡=$9,769.21

2025-11-05 03:39:02,
 Aktualizacja portfela: RANDOM_REGULAR.csv | Strategia=RANDOM, Taktyka=REGULAR
2025-11-05 03:39:02,Zaktualizowano RANDOM_REGULAR.csv | Î” -0.66% | WartoÅ›Ä‡=$9,934.11

2025-11-05 03:39:05,
 Aktualizacja portfela: RANDOM_STATIC.csv | Strategia=RANDOM, Taktyka=STATIC
2025-11-05 03:39:06,Tryb statyczny â€” brak rebalansu.
2025-11-05 03:39:06,Zaktualizowano RANDOM_STATIC.csv | Î” -3.65% | WartoÅ›Ä‡=$9,634.85

2025-11-05 03:39:09,
 Aktualizacja portfela: NEWS_TRIGGER.csv | Strategia=NEWS, Taktyka=TRIGGER
2025-11-05 03:39:09,Spadki > 5.0% â€” rebalans wykonany.
2025-11-05 03:39:09,Zaktualizowano NEWS_TRIGGER.csv | Î” -3.32% | WartoÅ›Ä‡=$9,668.10

2025-11-05 03:39:12,
 Aktualizacja portfela: NEWS_STATIC.csv | Strategia=NEWS, Taktyka=STATIC
2025-11-05 03:39:13,Tryb statyczny â€” brak rebalansu.
2025-11-05 03:39:13,Zaktualizowano NEWS_STATIC.csv | Î” -2.12% | WartoÅ›Ä‡=$9,787.84

2025-11-05 03:39:16,
 Aktualizacja portfela: NEWS_REGULAR.csv | Strategia=NEWS, Taktyka=REGULAR
2025-11-05 03:39:16,Zaktualizowano NEWS_REGULAR.csv | Î” -1.75% | WartoÅ›Ä‡=$9,824.86

2025-11-05 03:39:19,
 Aktualizacja portfela: AI_TRIGGER.csv | Strategia=AI, Taktyka=TRIGGER
2025-11-05 03:39:19,Spadki > 5.0% â€” rebalans wykonany.
2025-11-05 03:39:19,Zaktualizowano AI_TRIGGER.csv | Î” -2.34% | WartoÅ›Ä‡=$9,766.31

2025-11-05 03:39:22,
 Aktualizacja portfela: RANDOM_TRIGGER.csv | Strategia=RANDOM, Taktyka=TRIGGER
2025-11-05 03:39:22,Spadki > 5.0% â€” rebalans wykonany.
2025-11-05 03:39:22,Zaktualizowano RANDOM_TRIGGER.csv | Î” -4.71% | WartoÅ›Ä‡=$9,529.35

2025-11-05 03:39:25,ZakoÅ„czono harmonogram aktualizacji wszystkich portfeli.

2025-11-06 03:41:48,Start aktualizacji wszystkich portfeli

2025-11-06 03:41:48,
 Aktualizacja portfela: AI_STATIC.csv | Strategia=AI, Taktyka=STATIC
2025-11-06 03:41:49,Tryb statyczny â€” brak rebalansu.
2025-11-06 03:41:49,Zaktualizowano AI_STATIC.csv | Î” -0.52% | WartoÅ›Ä‡=$9,947.53

2025-11-06 03:41:52,
 Aktualizacja portfela: AI_REGULAR.csv | Strategia=AI, Taktyka=REGULAR
2025-11-06 03:41:52,Zaktualizowano AI_REGULAR.csv | Î” -0.49% | WartoÅ›Ä‡=$9,951.41

2025-11-06 03:41:55,
 Aktualizacja portfela: RANDOM_REGULAR.csv | Strategia=RANDOM, Taktyka=REGULAR
2025-11-06 03:41:56,Zaktualizowano RANDOM_REGULAR.csv | Î” -0.48% | WartoÅ›Ä‡=$9,951.58

2025-11-06 03:41:59,
 Aktualizacja portfela: RANDOM_STATIC.csv | Strategia=RANDOM, Taktyka=STATIC
2025-11-06 03:42:00,Tryb statyczny â€” brak rebalansu.
2025-11-06 03:42:00,Zaktualizowano RANDOM_STATIC.csv | Î” -4.22% | WartoÅ›Ä‡=$9,578.46

2025-11-06 03:42:03,
 Aktualizacja portfela: NEWS_TRIGGER.csv | Strategia=NEWS, Taktyka=TRIGGER
2025-11-06 03:42:03,Spadki > 5.0% â€” rebalans wykonany.
2025-11-06 03:42:03,Zaktualizowano NEWS_TRIGGER.csv | Î” -2.85% | WartoÅ›Ä‡=$9,714.51

2025-11-06 03:42:06,
 Aktualizacja portfela: NEWS_STATIC.csv | Strategia=NEWS, Taktyka=STATIC
2025-11-06 03:42:07,Tryb statyczny â€” brak rebalansu.
2025-11-06 03:42:07,Zaktualizowano NEWS_STATIC.csv | Î” -1.55% | WartoÅ›Ä‡=$9,845.41

2025-11-06 03:42:10,
 Aktualizacja portfela: NEWS_REGULAR.csv | Strategia=NEWS, Taktyka=REGULAR
2025-11-06 03:42:10,Zaktualizowano NEWS_REGULAR.csv | Î” -1.30% | WartoÅ›Ä‡=$9,869.67

2025-11-06 03:42:13,
 Aktualizacja portfela: AI_TRIGGER.csv | Strategia=AI, Taktyka=TRIGGER
2025-11-06 03:42:13,Spadki > 5.0% â€” rebalans wykonany.
2025-11-06 03:42:13,Zaktualizowano AI_TRIGGER.csv | Î” +0.27% | WartoÅ›Ä‡=$10,026.95

2025-11-06 03:42:16,
 Aktualizacja portfela: RANDOM_TRIGGER.csv | Strategia=RANDOM, Taktyka=TRIGGER
2025-11-06 03:42:17,Spadki > 5.0% â€” rebalans wykonany.
2025-11-06 03:42:17,Zaktualizowano RANDOM_TRIGGER.csv | Î” -4.64% | WartoÅ›Ä‡=$9,536.42

2025-11-06 03:42:20,ZakoÅ„czono harmonogram aktualizacji wszystkich portfeli.

2025-11-07 03:38:07,Start aktualizacji wszystkich portfeli

2025-11-07 03:38:07,
 Aktualizacja portfela: AI_STATIC.csv | Strategia=AI, Taktyka=STATIC
2025-11-07 03:38:08,Tryb statyczny â€” brak rebalansu.
2025-11-07 03:38:08,Zaktualizowano AI_STATIC.csv | Î” -1.95% | WartoÅ›Ä‡=$9,805.23

2025-11-07 03:38:11,
 Aktualizacja portfela: AI_REGULAR.csv | Strategia=AI, Taktyka=REGULAR
2025-11-07 03:38:11,Zaktualizowano AI_REGULAR.csv | Î” -1.90% | WartoÅ›Ä‡=$9,810.32

2025-11-07 03:38:14,
 Aktualizacja portfela: RANDOM_REGULAR.csv | Strategia=RANDOM, Taktyka=REGULAR
2025-11-07 03:38:15,Zaktualizowano RANDOM_REGULAR.csv | Î” -2.55% | WartoÅ›Ä‡=$9,744.78

2025-11-07 03:38:18,
 Aktualizacja portfela: RANDOM_STATIC.csv | Strategia=RANDOM, Taktyka=STATIC
2025-11-07 03:38:18,Tryb statyczny â€” brak rebalansu.
2025-11-07 03:38:18,Zaktualizowano RANDOM_STATIC.csv | Î” -6.69% | WartoÅ›Ä‡=$9,331.01

2025-11-07 03:38:21,
 Aktualizacja portfela: NEWS_TRIGGER.csv | Strategia=NEWS, Taktyka=TRIGGER
2025-11-07 03:38:22,Spadki > 5.0% â€” rebalans wykonany.
2025-11-07 03:38:22,Zaktualizowano NEWS_TRIGGER.csv | Î” -4.45% | WartoÅ›Ä‡=$9,555.45

2025-11-07 03:38:25,
 Aktualizacja portfela: NEWS_STATIC.csv | Strategia=NEWS, Taktyka=STATIC
2025-11-07 03:38:25,Tryb statyczny â€” brak rebalansu.
2025-11-07 03:38:25,Zaktualizowano NEWS_STATIC.csv | Î” -2.05% | WartoÅ›Ä‡=$9,794.61

2025-11-07 03:38:28,
 Aktualizacja portfela: NEWS_REGULAR.csv | Strategia=NEWS, Taktyka=REGULAR
2025-11-07 03:38:29,Zaktualizowano NEWS_REGULAR.csv | Î” -2.59% | WartoÅ›Ä‡=$9,740.52

2025-11-07 03:38:32,
 Aktualizacja portfela: AI_TRIGGER.csv | Strategia=AI, Taktyka=TRIGGER
2025-11-07 03:38:32,Spadki > 5.0% â€” rebalans wykonany.
2025-11-07 03:38:32,Zaktualizowano AI_TRIGGER.csv | Î” -1.36% | WartoÅ›Ä‡=$9,864.35

2025-11-07 03:38:35,
 Aktualizacja portfela: RANDOM_TRIGGER.csv | Strategia=RANDOM, Taktyka=TRIGGER
2025-11-07 03:38:35,Spadki > 5.0% â€” rebalans wykonany.
2025-11-07 03:38:35,Zaktualizowano RANDOM_TRIGGER.csv | Î” -8.81% | WartoÅ›Ä‡=$9,118.79

2025-11-07 03:38:38,ZakoÅ„czono harmonogram aktualizacji wszystkich portfeli.

2025-11-08 03:29:50,Start aktualizacji wszystkich portfeli

2025-11-08 03:29:50,
 Aktualizacja portfela: AI_STATIC.csv | Strategia=AI, Taktyka=STATIC
2025-11-08 03:29:50,Tryb statyczny â€” brak rebalansu.
2025-11-08 03:29:50,Zaktualizowano AI_STATIC.csv | Î” -1.59% | WartoÅ›Ä‡=$9,840.99

2025-11-08 03:29:53,
 Aktualizacja portfela: AI_REGULAR.csv | Strategia=AI, Taktyka=REGULAR
2025-11-08 03:29:54,Zaktualizowano AI_REGULAR.csv | Î” -1.54% | WartoÅ›Ä‡=$9,845.61

2025-11-08 03:29:57,
 Aktualizacja portfela: RANDOM_REGULAR.csv | Strategia=RANDOM, Taktyka=REGULAR
2025-11-08 03:29:57,Zaktualizowano RANDOM_REGULAR.csv | Î” -3.86% | WartoÅ›Ä‡=$9,613.72

2025-11-08 03:30:00,
 Aktualizacja portfela: RANDOM_STATIC.csv | Strategia=RANDOM, Taktyka=STATIC
2025-11-08 03:30:01,Tryb statyczny â€” brak rebalansu.
2025-11-08 03:30:01,Zaktualizowano RANDOM_STATIC.csv | Î” -5.65% | WartoÅ›Ä‡=$9,435.32

2025-11-08 03:30:04,
 Aktualizacja portfela: NEWS_TRIGGER.csv | Strategia=NEWS, Taktyka=TRIGGER
2025-11-08 03:30:05,Spadki > 5.0% â€” rebalans wykonany.
2025-11-08 03:30:05,Zaktualizowano NEWS_TRIGGER.csv | Î” -4.84% | WartoÅ›Ä‡=$9,516.24

2025-11-08 03:30:08,
 Aktualizacja portfela: NEWS_STATIC.csv | Strategia=NEWS, Taktyka=STATIC
2025-11-08 03:30:08,Tryb statyczny â€” brak rebalansu.
2025-11-08 03:30:09,Zaktualizowano NEWS_STATIC.csv | Î” -1.97% | WartoÅ›Ä‡=$9,802.88

2025-11-08 03:30:12,
 Aktualizacja portfela: NEWS_REGULAR.csv | Strategia=NEWS, Taktyka=REGULAR
2025-11-08 03:30:12,Zaktualizowano NEWS_REGULAR.csv | Î” -2.84% | WartoÅ›Ä‡=$9,716.12

2025-11-08 03:30:15,
 Aktualizacja portfela: AI_TRIGGER.csv | Strategia=AI, Taktyka=TRIGGER
2025-11-08 03:30:15,Spadki > 5.0% â€” rebalans wykonany.
2025-11-08 03:30:15,Zaktualizowano AI_TRIGGER.csv | Î” -1.01% | WartoÅ›Ä‡=$9,899.19

2025-11-08 03:30:18,
 Aktualizacja portfela: RANDOM_TRIGGER.csv | Strategia=RANDOM, Taktyka=TRIGGER
2025-11-08 03:30:19,Spadki > 5.0% â€” rebalans wykonany.
2025-11-08 03:30:19,Zaktualizowano RANDOM_TRIGGER.csv | Î” -7.54% | WartoÅ›Ä‡=$9,246.17

2025-11-08 03:30:22,ZakoÅ„czono harmonogram aktualizacji wszystkich portfeli.

2025-11-09 03:38:23,Start aktualizacji wszystkich portfeli

2025-11-09 03:38:23,
 Aktualizacja portfela: AI_STATIC.csv | Strategia=AI, Taktyka=STATIC
2025-11-09 03:38:24,Tryb statyczny â€” brak rebalansu.
2025-11-09 03:38:24,Zaktualizowano AI_STATIC.csv | Î” -1.59% | WartoÅ›Ä‡=$9,840.99

2025-11-09 03:38:27,
 Aktualizacja portfela: AI_REGULAR.csv | Strategia=AI, Taktyka=REGULAR
2025-11-09 03:38:27,Zaktualizowano AI_REGULAR.csv | Î” -1.54% | WartoÅ›Ä‡=$9,845.61

2025-11-09 03:38:30,
 Aktualizacja portfela: RANDOM_REGULAR.csv | Strategia=RANDOM, Taktyka=REGULAR
2025-11-09 03:38:30,Zaktualizowano RANDOM_REGULAR.csv | Î” -3.86% | WartoÅ›Ä‡=$9,613.72

2025-11-09 03:38:33,
 Aktualizacja portfela: RANDOM_STATIC.csv | Strategia=RANDOM, Taktyka=STATIC
2025-11-09 03:38:34,Tryb statyczny â€” brak rebalansu.
2025-11-09 03:38:34,Zaktualizowano RANDOM_STATIC.csv | Î” -5.65% | WartoÅ›Ä‡=$9,435.32

2025-11-09 03:38:37,
 Aktualizacja portfela: NEWS_TRIGGER.csv | Strategia=NEWS, Taktyka=TRIGGER
2025-11-09 03:38:37,Spadki > 5.0% â€” rebalans wykonany.
2025-11-09 03:38:37,Zaktualizowano NEWS_TRIGGER.csv | Î” -4.84% | WartoÅ›Ä‡=$9,516.24

2025-11-09 03:38:40,
 Aktualizacja portfela: NEWS_STATIC.csv | Strategia=NEWS, Taktyka=STATIC
2025-11-09 03:38:41,Tryb statyczny â€” brak rebalansu.
2025-11-09 03:38:41,Zaktualizowano NEWS_STATIC.csv | Î” -1.97% | WartoÅ›Ä‡=$9,802.88

2025-11-09 03:38:44,
 Aktualizacja portfela: NEWS_REGULAR.csv | Strategia=NEWS, Taktyka=REGULAR
2025-11-09 03:38:44,Zaktualizowano NEWS_REGULAR.csv | Î” -2.84% | WartoÅ›Ä‡=$9,716.12

2025-11-09 03:38:47,
 Aktualizacja portfela: AI_TRIGGER.csv | Strategia=AI, Taktyka=TRIGGER
2025-11-09 03:38:47,Spadki > 5.0% â€” rebalans wykonany.
2025-11-09 03:38:47,Zaktualizowano AI_TRIGGER.csv | Î” -1.01% | WartoÅ›Ä‡=$9,899.19

2025-11-09 03:38:50,
 Aktualizacja portfela: RANDOM_TRIGGER.csv | Strategia=RANDOM, Taktyka=TRIGGER
2025-11-09 03:38:51,Spadki > 5.0% â€” rebalans wykonany.
2025-11-09 03:38:51,Zaktualizowano RANDOM_TRIGGER.csv | Î” -7.54% | WartoÅ›Ä‡=$9,246.17

2025-11-09 03:38:54,ZakoÅ„czono harmonogram aktualizacji wszystkich portfeli.

2025-11-10 03:44:40,Start aktualizacji wszystkich portfeli

2025-11-10 03:44:40,
 Aktualizacja portfela: AI_STATIC.csv | Strategia=AI, Taktyka=STATIC
2025-11-10 03:44:40,Tryb statyczny â€” brak rebalansu.
2025-11-10 03:44:40,Zaktualizowano AI_STATIC.csv | Î” -1.59% | WartoÅ›Ä‡=$9,840.99

2025-11-10 03:44:43,
 Aktualizacja portfela: AI_REGULAR.csv | Strategia=AI, Taktyka=REGULAR
2025-11-10 03:44:44,Zaktualizowano AI_REGULAR.csv | Î” -1.54% | WartoÅ›Ä‡=$9,845.61

2025-11-10 03:44:47,
 Aktualizacja portfela: RANDOM_REGULAR.csv | Strategia=RANDOM, Taktyka=REGULAR
2025-11-10 03:44:47,Zaktualizowano RANDOM_REGULAR.csv | Î” -3.86% | WartoÅ›Ä‡=$9,613.72

2025-11-10 03:44:50,
 Aktualizacja portfela: RANDOM_STATIC.csv | Strategia=RANDOM, Taktyka=STATIC
2025-11-10 03:44:51,Tryb statyczny â€” brak rebalansu.
2025-11-10 03:44:51,Zaktualizowano RANDOM_STATIC.csv | Î” -5.65% | WartoÅ›Ä‡=$9,435.32

2025-11-10 03:44:54,
 Aktualizacja portfela: NEWS_TRIGGER.csv | Strategia=NEWS, Taktyka=TRIGGER
2025-11-10 03:44:54,Spadki > 5.0% â€” rebalans wykonany.
2025-11-10 03:44:54,Zaktualizowano NEWS_TRIGGER.csv | Î” -4.84% | WartoÅ›Ä‡=$9,516.24

2025-11-10 03:44:57,
 Aktualizacja portfela: NEWS_STATIC.csv | Strategia=NEWS, Taktyka=STATIC
2025-11-10 03:44:57,Tryb statyczny â€” brak rebalansu.
2025-11-10 03:44:57,Zaktualizowano NEWS_STATIC.csv | Î” -1.97% | WartoÅ›Ä‡=$9,802.88

2025-11-10 03:45:00,
 Aktualizacja portfela: NEWS_REGULAR.csv | Strategia=NEWS, Taktyka=REGULAR
2025-11-10 03:45:01,Zaktualizowano NEWS_REGULAR.csv | Î” -2.84% | WartoÅ›Ä‡=$9,716.12

2025-11-10 03:45:04,
 Aktualizacja portfela: AI_TRIGGER.csv | Strategia=AI, Taktyka=TRIGGER
2025-11-10 03:45:04,Spadki > 5.0% â€” rebalans wykonany.
2025-11-10 03:45:04,Zaktualizowano AI_TRIGGER.csv | Î” -1.01% | WartoÅ›Ä‡=$9,899.19

2025-11-10 03:45:07,
 Aktualizacja portfela: RANDOM_TRIGGER.csv | Strategia=RANDOM, Taktyka=TRIGGER
2025-11-10 03:45:07,Spadki > 5.0% â€” rebalans wykonany.
2025-11-10 03:45:07,Zaktualizowano RANDOM_TRIGGER.csv | Î” -7.54% | WartoÅ›Ä‡=$9,246.17

2025-11-10 03:45:10,ZakoÅ„czono harmonogram aktualizacji wszystkich portfeli.

2025-11-11 03:40:29,Start aktualizacji wszystkich portfeli

2025-11-11 03:40:29,
 Aktualizacja portfela: AI_STATIC.csv | Strategia=AI, Taktyka=STATIC
2025-11-11 03:40:30,Tryb statyczny â€” brak rebalansu.
2025-11-11 03:40:30,Zaktualizowano AI_STATIC.csv | Î” -0.13% | WartoÅ›Ä‡=$9,986.91

2025-11-11 03:40:33,
 Aktualizacja portfela: AI_REGULAR.csv | Strategia=AI, Taktyka=REGULAR
2025-11-11 03:40:33,Zaktualizowano AI_REGULAR.csv | Î” -0.06% | WartoÅ›Ä‡=$9,994.32

2025-11-11 03:40:36,
 Aktualizacja portfela: RANDOM_REGULAR.csv | Strategia=RANDOM, Taktyka=REGULAR
2025-11-11 03:40:36,Zaktualizowano RANDOM_REGULAR.csv | Î” -3.06% | WartoÅ›Ä‡=$9,693.70

2025-11-11 03:40:39,
 Aktualizacja portfela: RANDOM_STATIC.csv | Strategia=RANDOM, Taktyka=STATIC
2025-11-11 03:40:40,Tryb statyczny â€” brak rebalansu.
2025-11-11 03:40:40,Zaktualizowano RANDOM_STATIC.csv | Î” -5.67% | WartoÅ›Ä‡=$9,432.53

2025-11-11 03:40:43,
 Aktualizacja portfela: NEWS_TRIGGER.csv | Strategia=NEWS, Taktyka=TRIGGER
2025-11-11 03:40:43,Spadki > 5.0% â€” rebalans wykonany.
2025-11-11 03:40:43,Zaktualizowano NEWS_TRIGGER.csv | Î” -3.20% | WartoÅ›Ä‡=$9,679.77

2025-11-11 03:40:46,
 Aktualizacja portfela: NEWS_STATIC.csv | Strategia=NEWS, Taktyka=STATIC
2025-11-11 03:40:47,Tryb statyczny â€” brak rebalansu.
2025-11-11 03:40:47,Zaktualizowano NEWS_STATIC.csv | Î” +0.23% | WartoÅ›Ä‡=$10,022.98

2025-11-11 03:40:50,
 Aktualizacja portfela: NEWS_REGULAR.csv | Strategia=NEWS, Taktyka=REGULAR
2025-11-11 03:40:50,Zaktualizowano NEWS_REGULAR.csv | Î” -0.91% | WartoÅ›Ä‡=$9,908.89

2025-11-11 03:40:53,
 Aktualizacja portfela: AI_TRIGGER.csv | Strategia=AI, Taktyka=TRIGGER
2025-11-11 03:40:53,Spadki > 5.0% â€” rebalans wykonany.
2025-11-11 03:40:53,Zaktualizowano AI_TRIGGER.csv | Î” +0.67% | WartoÅ›Ä‡=$10,067.39

2025-11-11 03:40:56,
 Aktualizacja portfela: RANDOM_TRIGGER.csv | Strategia=RANDOM, Taktyka=TRIGGER
2025-11-11 03:40:56,Spadki > 5.0% â€” rebalans wykonany.
2025-11-11 03:40:56,Zaktualizowano RANDOM_TRIGGER.csv | Î” -7.19% | WartoÅ›Ä‡=$9,280.77

2025-11-11 03:40:59,ZakoÅ„czono harmonogram aktualizacji wszystkich portfeli.

2025-11-12 03:39:38,Start aktualizacji wszystkich portfeli

2025-11-12 03:39:38,
 Aktualizacja portfela: AI_STATIC.csv | Strategia=AI, Taktyka=STATIC
2025-11-12 03:39:39,Tryb statyczny â€” brak rebalansu.
2025-11-12 03:39:39,Zaktualizowano AI_STATIC.csv | Î” -0.56% | WartoÅ›Ä‡=$9,944.26

2025-11-12 03:39:42,
 Aktualizacja portfela: AI_REGULAR.csv | Strategia=AI, Taktyka=REGULAR
2025-11-12 03:39:42,Zaktualizowano AI_REGULAR.csv | Î” -0.50% | WartoÅ›Ä‡=$9,949.72

2025-11-12 03:39:45,
 Aktualizacja portfela: RANDOM_REGULAR.csv | Strategia=RANDOM, Taktyka=REGULAR
2025-11-12 03:39:46,Zaktualizowano RANDOM_REGULAR.csv | Î” -2.03% | WartoÅ›Ä‡=$9,796.62

2025-11-12 03:39:49,
 Aktualizacja portfela: RANDOM_STATIC.csv | Strategia=RANDOM, Taktyka=STATIC
2025-11-12 03:39:50,Tryb statyczny â€” brak rebalansu.
2025-11-12 03:39:50,Zaktualizowano RANDOM_STATIC.csv | Î” -5.17% | WartoÅ›Ä‡=$9,483.24

2025-11-12 03:39:53,
 Aktualizacja portfela: NEWS_TRIGGER.csv | Strategia=NEWS, Taktyka=TRIGGER
2025-11-12 03:39:53,Spadki > 5.0% â€” rebalans wykonany.
2025-11-12 03:39:53,Zaktualizowano NEWS_TRIGGER.csv | Î” -4.26% | WartoÅ›Ä‡=$9,574.40

2025-11-12 03:39:56,
 Aktualizacja portfela: NEWS_STATIC.csv | Strategia=NEWS, Taktyka=STATIC
2025-11-12 03:39:57,Tryb statyczny â€” brak rebalansu.
2025-11-12 03:39:57,Zaktualizowano NEWS_STATIC.csv | Î” -0.60% | WartoÅ›Ä‡=$9,939.79

2025-11-12 03:40:00,
 Aktualizacja portfela: NEWS_REGULAR.csv | Strategia=NEWS, Taktyka=REGULAR
2025-11-12 03:40:00,Zaktualizowano NEWS_REGULAR.csv | Î” -1.76% | WartoÅ›Ä‡=$9,824.23

2025-11-12 03:40:03,
 Aktualizacja portfela: AI_TRIGGER.csv | Strategia=AI, Taktyka=TRIGGER
2025-11-12 03:40:03,Spadki > 5.0% â€” rebalans wykonany.
2025-11-12 03:40:03,Zaktualizowano AI_TRIGGER.csv | Î” -0.03% | WartoÅ›Ä‡=$9,997.22

2025-11-12 03:40:06,
 Aktualizacja portfela: RANDOM_TRIGGER.csv | Strategia=RANDOM, Taktyka=TRIGGER
2025-11-12 03:40:06,Spadki > 5.0% â€” rebalans wykonany.
2025-11-12 03:40:06,Zaktualizowano RANDOM_TRIGGER.csv | Î” -7.85% | WartoÅ›Ä‡=$9,215.31

2025-11-12 03:40:09,ZakoÅ„czono harmonogram aktualizacji wszystkich portfeli.

2025-11-13 03:41:22,Start aktualizacji wszystkich portfeli

2025-11-13 03:41:22,
 Aktualizacja portfela: AI_STATIC.csv | Strategia=AI, Taktyka=STATIC
2025-11-13 03:41:22,Tryb statyczny â€” brak rebalansu.
2025-11-13 03:41:22,Zaktualizowano AI_STATIC.csv | Î” -0.15% | WartoÅ›Ä‡=$9,984.73

2025-11-13 03:41:25,
 Aktualizacja portfela: AI_REGULAR.csv | Strategia=AI, Taktyka=REGULAR
2025-11-13 03:41:25,Zaktualizowano AI_REGULAR.csv | Î” -0.09% | WartoÅ›Ä‡=$9,990.99

2025-11-13 03:41:28,
 Aktualizacja portfela: RANDOM_REGULAR.csv | Strategia=RANDOM, Taktyka=REGULAR
2025-11-13 03:41:29,Zaktualizowano RANDOM_REGULAR.csv | Î” -2.56% | WartoÅ›Ä‡=$9,743.55

2025-11-13 03:41:32,
 Aktualizacja portfela: RANDOM_STATIC.csv | Strategia=RANDOM, Taktyka=STATIC
2025-11-13 03:41:32,Tryb statyczny â€” brak rebalansu.
2025-11-13 03:41:32,Zaktualizowano RANDOM_STATIC.csv | Î” -5.55% | WartoÅ›Ä‡=$9,445.23

2025-11-13 03:41:35,
 Aktualizacja portfela: NEWS_TRIGGER.csv | Strategia=NEWS, Taktyka=TRIGGER
2025-11-13 03:41:36,Spadki > 5.0% â€” rebalans wykonany.
2025-11-13 03:41:36,Zaktualizowano NEWS_TRIGGER.csv | Î” -4.27% | WartoÅ›Ä‡=$9,573.27

2025-11-13 03:41:39,
 Aktualizacja portfela: NEWS_STATIC.csv | Strategia=NEWS, Taktyka=STATIC
2025-11-13 03:41:39,Tryb statyczny â€” brak rebalansu.
2025-11-13 03:41:39,Zaktualizowano NEWS_STATIC.csv | Î” -0.79% | WartoÅ›Ä‡=$9,921.30

2025-11-13 03:41:42,
 Aktualizacja portfela: NEWS_REGULAR.csv | Strategia=NEWS, Taktyka=REGULAR
2025-11-13 03:41:42,Zaktualizowano NEWS_REGULAR.csv | Î” -1.97% | WartoÅ›Ä‡=$9,802.50

2025-11-13 03:41:45,
 Aktualizacja portfela: AI_TRIGGER.csv | Strategia=AI, Taktyka=TRIGGER
2025-11-13 03:41:45,Spadki > 5.0% â€” rebalans wykonany.
2025-11-13 03:41:45,Zaktualizowano AI_TRIGGER.csv | Î” +0.57% | WartoÅ›Ä‡=$10,056.83

2025-11-13 03:41:48,
 Aktualizacja portfela: RANDOM_TRIGGER.csv | Strategia=RANDOM, Taktyka=TRIGGER
2025-11-13 03:41:49,Spadki > 5.0% â€” rebalans wykonany.
2025-11-13 03:41:49,Zaktualizowano RANDOM_TRIGGER.csv | Î” -7.98% | WartoÅ›Ä‡=$9,202.12

2025-11-13 03:41:52,ZakoÅ„czono harmonogram aktualizacji wszystkich portfeli.

2025-11-14 03:40:08,Start aktualizacji wszystkich portfeli

2025-11-14 03:40:08,
 Aktualizacja portfela: AI_STATIC.csv | Strategia=AI, Taktyka=STATIC
2025-11-14 03:40:09,Tryb statyczny â€” brak rebalansu.
2025-11-14 03:40:09,Zaktualizowano AI_STATIC.csv | Î” -1.67% | WartoÅ›Ä‡=$9,833.07

2025-11-14 03:40:12,
 Aktualizacja portfela: AI_REGULAR.csv | Strategia=AI, Taktyka=REGULAR
2025-11-14 03:40:12,Zaktualizowano AI_REGULAR.csv | Î” -1.61% | WartoÅ›Ä‡=$9,838.51

2025-11-14 03:40:15,
 Aktualizacja portfela: RANDOM_REGULAR.csv | Strategia=RANDOM, Taktyka=REGULAR
2025-11-14 03:40:16,Zaktualizowano RANDOM_REGULAR.csv | Î” -3.42% | WartoÅ›Ä‡=$9,658.09

2025-11-14 03:40:19,
 Aktualizacja portfela: RANDOM_STATIC.csv | Strategia=RANDOM, Taktyka=STATIC
2025-11-14 03:40:19,Tryb statyczny â€” brak rebalansu.
2025-11-14 03:40:19,Zaktualizowano RANDOM_STATIC.csv | Î” -6.45% | WartoÅ›Ä‡=$9,355.35

2025-11-14 03:40:22,
 Aktualizacja portfela: NEWS_TRIGGER.csv | Strategia=NEWS, Taktyka=TRIGGER
2025-11-14 03:40:23,Spadki > 5.0% â€” rebalans wykonany.
2025-11-14 03:40:23,Zaktualizowano NEWS_TRIGGER.csv | Î” -6.48% | WartoÅ›Ä‡=$9,352.23

2025-11-14 03:40:26,
 Aktualizacja portfela: NEWS_STATIC.csv | Strategia=NEWS, Taktyka=STATIC
2025-11-14 03:40:26,Tryb statyczny â€” brak rebalansu.
2025-11-14 03:40:26,Zaktualizowano NEWS_STATIC.csv | Î” -1.96% | WartoÅ›Ä‡=$9,804.23

2025-11-14 03:40:29,
 Aktualizacja portfela: NEWS_REGULAR.csv | Strategia=NEWS, Taktyka=REGULAR
2025-11-14 03:40:29,Zaktualizowano NEWS_REGULAR.csv | Î” -3.38% | WartoÅ›Ä‡=$9,661.94

2025-11-14 03:40:32,
 Aktualizacja portfela: AI_TRIGGER.csv | Strategia=AI, Taktyka=TRIGGER
2025-11-14 03:40:32,Spadki > 5.0% â€” rebalans wykonany.
2025-11-14 03:40:32,Zaktualizowano AI_TRIGGER.csv | Î” -1.14% | WartoÅ›Ä‡=$9,885.85

2025-11-14 03:40:35,
 Aktualizacja portfela: RANDOM_TRIGGER.csv | Strategia=RANDOM, Taktyka=TRIGGER
2025-11-14 03:40:36,Spadki > 5.0% â€” rebalans wykonany.
2025-11-14 03:40:36,Zaktualizowano RANDOM_TRIGGER.csv | Î” -10.29% | WartoÅ›Ä‡=$8,971.50

2025-11-14 03:40:39,ZakoÅ„czono harmonogram aktualizacji wszystkich portfeli.

2025-11-15 03:34:08,Start aktualizacji wszystkich portfeli

2025-11-15 03:34:08,
 Aktualizacja portfela: AI_STATIC.csv | Strategia=AI, Taktyka=STATIC
2025-11-15 03:34:08,Tryb statyczny â€” brak rebalansu.
2025-11-15 03:34:08,Zaktualizowano AI_STATIC.csv | Î” -2.26% | WartoÅ›Ä‡=$9,774.26

2025-11-15 03:34:11,
 Aktualizacja portfela: AI_REGULAR.csv | Strategia=AI, Taktyka=REGULAR
2025-11-15 03:34:11,Zaktualizowano AI_REGULAR.csv | Î” -2.19% | WartoÅ›Ä‡=$9,780.81

2025-11-15 03:34:14,
 Aktualizacja portfela: RANDOM_REGULAR.csv | Strategia=RANDOM, Taktyka=REGULAR
2025-11-15 03:34:15,Zaktualizowano RANDOM_REGULAR.csv | Î” -2.83% | WartoÅ›Ä‡=$9,717.27

2025-11-15 03:34:18,
 Aktualizacja portfela: RANDOM_STATIC.csv | Strategia=RANDOM, Taktyka=STATIC
2025-11-15 03:34:18,Tryb statyczny â€” brak rebalansu.
2025-11-15 03:34:18,Zaktualizowano RANDOM_STATIC.csv | Î” -6.76% | WartoÅ›Ä‡=$9,323.82

2025-11-15 03:34:21,
 Aktualizacja portfela: NEWS_TRIGGER.csv | Strategia=NEWS, Taktyka=TRIGGER
2025-11-15 03:34:22,Spadki > 5.0% â€” rebalans wykonany.
2025-11-15 03:34:22,Zaktualizowano NEWS_TRIGGER.csv | Î” -6.19% | WartoÅ›Ä‡=$9,381.18

2025-11-15 03:34:25,
 Aktualizacja portfela: NEWS_STATIC.csv | Strategia=NEWS, Taktyka=STATIC
2025-11-15 03:34:25,Tryb statyczny â€” brak rebalansu.
2025-11-15 03:34:25,Zaktualizowano NEWS_STATIC.csv | Î” -1.82% | WartoÅ›Ä‡=$9,818.11

2025-11-15 03:34:28,
 Aktualizacja portfela: NEWS_REGULAR.csv | Strategia=NEWS, Taktyka=REGULAR
2025-11-15 03:34:29,Zaktualizowano NEWS_REGULAR.csv | Î” -2.95% | WartoÅ›Ä‡=$9,705.28

2025-11-15 03:34:32,
 Aktualizacja portfela: AI_TRIGGER.csv | Strategia=AI, Taktyka=TRIGGER
2025-11-15 03:34:32,Spadki > 5.0% â€” rebalans wykonany.
2025-11-15 03:34:32,Zaktualizowano AI_TRIGGER.csv | Î” -1.18% | WartoÅ›Ä‡=$9,881.73

2025-11-15 03:34:35,
 Aktualizacja portfela: RANDOM_TRIGGER.csv | Strategia=RANDOM, Taktyka=TRIGGER
2025-11-15 03:34:35,Spadki > 5.0% â€” rebalans wykonany.
2025-11-15 03:34:35,Zaktualizowano RANDOM_TRIGGER.csv | Î” -9.96% | WartoÅ›Ä‡=$9,003.54

2025-11-15 03:34:38,ZakoÅ„czono harmonogram aktualizacji wszystkich portfeli.

